<?xml version="1.0" encoding="utf-8"?>
<manifest xmlns:android="http://schemas.android.com/apk/res/android"
    xmlns:tools="http://schemas.android.com/tools"
    package="com.test.ad.demo">

    <uses-sdk tools:overrideLibrary="com.bun.miitmdid" />

    <application
        android:name=".DemoApplicaion"
        android:allowBackup="true"
        android:icon="@mipmap/ic_launcher"
        android:label="@string/app_name"
        android:roundIcon="@mipmap/ic_launcher_round"
        android:supportsRtl="true"
        android:usesCleartextTraffic="true"
        android:networkSecurityConfig="@xml/network_security_config"
        android:theme="@android:style/Theme.DeviceDefault.Light">

        <uses-library android:name="org.apache.http.legacy" android:required="false"/>

        <activity android:name="com.test.ad.demo.MainActivity">
            <intent-filter>
                <action android:name="android.intent.action.MAIN" />

                <category android:name="android.intent.category.LAUNCHER" />
            </intent-filter>
        </activity>
        <activity android:name=".InnerWebViewActivity"
        android:theme="@style/Theme.AppCompat.Light.NoActionBar" android:screenOrientation="portrait"/>
        <activity
            android:name=".NativeAdActivity"
            android:label="AT Native"
            android:launchMode="singleTask"/>

        <activity
            android:name=".RewardVideoAdActivity"
            android:label="AT RewardedVideo"
            android:launchMode="singleTask"/>

        <activity
            android:name=".InterstitialAdActivity"
            android:label="AT Interstitial"
            android:launchMode="singleTask"/>

        <activity
            android:name=".BannerAdActivity"
            android:label="AT Banner"
            android:launchMode="singleTask"/>

        <activity
            android:name=".ContentAdActivity"
            android:label="AT Content"
            android:theme="@style/Theme.AppCompat.Light.NoActionBar"
            android:launchMode="singleTask"/>

        <activity
            android:name=".SplashAdActivity"
            android:configChanges="keyboardHidden|orientation|keyboard|smallestScreenSize|screenSize|screenLayout"/>

        <activity
            android:name=".SplashAdShowActivity"
            android:theme="@android:style/Theme.Holo.NoActionBar.Fullscreen"
            android:configChanges="keyboardHidden|orientation|keyboard|smallestScreenSize|screenSize|screenLayout"/>

        <activity android:name=".NativeBannerActivity"
            android:theme="@android:style/Theme.Holo.NoActionBar.Fullscreen"
            android:configChanges="keyboardHidden|orientation|keyboard|smallestScreenSize|screenSize|screenLayout"/>

        <activity android:name=".NativeSplashActivity"
            android:theme="@android:style/Theme.Holo.NoActionBar.Fullscreen"
            android:configChanges="keyboardHidden|orientation|keyboard|smallestScreenSize|screenSize|screenLayout"/>
        <activity android:name=".NativeListActivity"
            android:configChanges="keyboardHidden|orientation|keyboard|smallestScreenSize|screenSize|screenLayout"
            android:theme="@android:style/Theme.Holo.NoActionBar.Fullscreen" />

        <provider
            android:name="android.support.v4.content.FileProvider"
            android:authorities="${applicationId}.takePhotoFileProvider"
            android:exported="false"
            android:grantUriPermissions="true">
            <meta-data android:name="android.support.FILE_PROVIDER_PATHS"
                android:resource="@xml/take_photo_file_paths" />
        </provider>
    </application>

</manifest>